{
  "version": 1,
  "author": "meryem pasaoglu",
  "editor": "wokwi",
  "parts": [
    { "type": "wokwi-arduino-mega", "id": "uno", "top": 115.8, "left": 15.6, "attrs": {} },
    {
      "type": "board-ssd1306",
      "id": "oled1",
      "top": -236.86,
      "left": 182.63,
      "attrs": { "i2cAddress": "0x3c" }
    },
    {
      "type": "wokwi-led",
      "id": "led1",
      "top": -272.4,
      "left": 90.2,
      "attrs": { "color": "red" }
    },
    {
      "type": "wokwi-led",
      "id": "led2",
      "top": -272.4,
      "left": 61.4,
      "attrs": { "color": "red" }
    },
    {
      "type": "wokwi-led",
      "id": "led3",
      "top": -272.4,
      "left": 32.6,
      "attrs": { "color": "red" }
    },
    {
      "type": "wokwi-7segment",
      "id": "sevseg1",
      "top": 168.18,
      "left": 408.28,
      "attrs": { "digits": "1", "colon": "", "color": "red", "common": "cathode" }
    },
    {
      "type": "wokwi-pushbutton",
      "id": "btn1",
      "top": -80.2,
      "left": 211.2,
      "attrs": { "color": "red", "key": "ArrowUp", "bounce": "1" }
    },
    {
      "type": "wokwi-pushbutton",
      "id": "btn2",
      "top": -22.6,
      "left": 211.2,
      "attrs": { "color": "yellow", "key": "ArrowDown" }
    },
    {
      "type": "wokwi-pushbutton",
      "id": "btn3",
      "top": 35,
      "left": 211.2,
      "attrs": { "color": "green", "key": "Enter" }
    },
    {
      "type": "wokwi-7segment",
      "id": "sevseg2",
      "top": 168.18,
      "left": 465.88,
      "attrs": { "common": "cathode" }
    },
    {
      "type": "wokwi-slide-potentiometer",
      "id": "pot1",
      "top": -33.4,
      "left": -125.8,
      "attrs": { "travelLength": "30" }
    },
    { "type": "wokwi-photoresistor-sensor", "id": "ldr1", "top": 368, "left": 240.8, "attrs": {} }
  ],
  "connections": [
    [ "led3:A", "uno:13", "green", [ "v201.6", "h66.8" ] ],
    [ "led2:A", "uno:12", "green", [ "v182.4", "h47.5" ] ],
    [ "led1:A", "uno:11", "green", [ "v105.6", "h28.2" ] ],
    [ "led1:C", "uno:GND.1", "green", [ "v0" ] ],
    [ "led2:C", "uno:GND.1", "green", [ "v192", "h38.5" ] ],
    [ "led3:C", "uno:GND.1", "green", [ "v163.2", "h38.8", "v0", "h28.5" ] ],
    [ "sevseg1:A", "uno:27", "#8f4814", [ "v-18.36", "h105.6" ] ],
    [ "sevseg1:B", "uno:29", "red", [ "v-18.36", "h19.2", "v9.6", "h57.6" ] ],
    [ "sevseg1:C", "uno:31", "gold", [ "h-38.4", "v-68.2" ] ],
    [ "sevseg1:D", "uno:33", "green", [ "h-19.2", "v-58.7" ] ],
    [ "sevseg1:E", "uno:35", "blue", [ "h-19.2", "v-49.2" ] ],
    [ "sevseg1:F", "uno:37", "white", [ "v-18.36", "h-48", "v19.2", "h-17" ] ],
    [ "sevseg1:G", "uno:39", "gray", [ "v0.84", "h-9.6", "v28.8", "h-35.8" ] ],
    [ "sevseg1:COM.2", "uno:GND.1", "green", [ "h0", "v-37.56", "h-76.8", "v192", "h67.2" ] ],
    [ "sevseg2:A", "uno:41", "#8f4814", [ "v-18.36", "h105.6" ] ],
    [ "sevseg2:B", "uno:43", "red", [ "v-18.36", "h19.2", "v9.6", "h57.6" ] ],
    [ "sevseg2:C", "uno:45", "gold", [ "h-38.4", "v-68.2" ] ],
    [ "sevseg2:D", "uno:47", "green", [ "h-19.2", "v-58.7" ] ],
    [ "sevseg2:E", "uno:49", "blue", [ "h-19.2", "v-49.2" ] ],
    [ "sevseg2:F", "uno:51", "white", [ "v-18.36", "h-48", "v19.2", "h-28.8", "v95" ] ],
    [ "sevseg2:G", "uno:53", "gray", [ "v0.84", "h-9.6", "v115.2", "h-74.2" ] ],
    [ "sevseg2:COM.2", "uno:GND.5", "green", [ "h0", "v-37.56", "h-76.8", "v192", "h67.2" ] ],
    [ "oled1:SDA", "uno:20", "magenta", [ "v-48", "h412.87", "v374.4", "h-318.8" ] ],
    [ "oled1:SCL", "uno:21", "magenta", [ "v-28.8", "h413.1", "v364.8", "h-299.7" ] ],
    [ "btn3:1.r", "uno:16", "yellow", [ "v0", "h29" ] ],
    [ "btn3:2.l", "uno:GND.3", "yellow", [ "h0" ] ],
    [ "btn2:2.l", "uno:GND.3", "yellow", [ "h0" ] ],
    [ "btn1:2.l", "uno:GND.3", "yellow", [ "h0" ] ],
    [ "btn1:1.r", "uno:18", "yellow", [ "v0", "h38.6" ] ],
    [ "btn2:1.r", "uno:17", "yellow", [ "v0", "h29" ] ],
    [ "pot1:VCC", "uno:5V", "red", [ "h-28.8", "v364.8", "h336" ] ],
    [ "pot1:SIG", "uno:A0", "green", [ "h-9.6", "v335.2", "h355.2" ] ],
    [ "pot1:GND", "uno:GND.2", "black", [ "v345.6", "h62.8" ] ],
    [ "ldr1:VCC", "uno:5V", "red", [ "h0" ] ],
    [ "ldr1:GND", "uno:GND.4", "black", [ "h0" ] ],
    [ "ldr1:AO", "uno:A1", "green", [ "h0" ] ]
  ],
  "dependencies": {}
}